GROUP,PACKAGE,CLASS,INSTRUCTION_MISSED,INSTRUCTION_COVERED,BRANCH_MISSED,BRANCH_COVERED,LINE_MISSED,LINE_COVERED,COMPLEXITY_MISSED,COMPLEXITY_COVERED,METHOD_MISSED,METHOD_COVERED
javaparser-core-testing,com.github.javaparser.ast.expr,NormalAnnotationExpr,110,66,14,2,26,20,17,8,9,8
javaparser-core-testing,com.github.javaparser.ast.expr,IntegerLiteralExpr,27,99,1,15,8,24,6,17,5,10
javaparser-core-testing,com.github.javaparser.ast.expr,EnclosedExpr,46,65,6,2,13,22,9,10,5,10
javaparser-core-testing,com.github.javaparser.ast.expr,Name,63,128,14,8,18,34,12,18,4,15
javaparser-core-testing,com.github.javaparser.ast.expr,SingleMemberAnnotationExpr,44,68,6,2,13,21,9,9,5,9
javaparser-core-testing,com.github.javaparser.ast.expr,ArrayAccessExpr,70,90,10,4,21,27,14,9,7,9
javaparser-core-testing,com.github.javaparser.ast.expr,CastExpr,42,118,4,10,12,36,9,14,5,11
javaparser-core-testing,com.github.javaparser.ast.expr,UnaryExpr.Operator,2,122,1,1,0,16,1,5,0,5
javaparser-core-testing,com.github.javaparser.ast.expr,DoubleLiteralExpr,25,44,0,0,8,15,6,8,6,8
javaparser-core-testing,com.github.javaparser.ast.expr,PatternExpr,132,124,22,6,34,36,22,11,8,11
javaparser-core-testing,com.github.javaparser.ast.expr,ArrayCreationExpr,155,183,27,9,39,45,25,17,9,15
javaparser-core-testing,com.github.javaparser.ast.expr,ConditionalExpr,99,124,18,6,27,36,20,11,8,11
javaparser-core-testing,com.github.javaparser.ast.expr,TextBlockLiteralExpr,27,169,0,16,9,25,7,24,7,16
javaparser-core-testing,com.github.javaparser.ast.expr,ObjectCreationExpr,290,207,59,15,65,58,44,21,12,16
javaparser-core-testing,com.github.javaparser.ast.expr,SwitchExpr,113,96,18,4,29,28,19,10,8,10
javaparser-core-testing,com.github.javaparser.ast.expr,TypeExpr,51,56,6,2,16,18,11,7,7,7
javaparser-core-testing,com.github.javaparser.ast.expr,ThisExpr,85,58,13,3,24,20,16,10,9,9
javaparser-core-testing,com.github.javaparser.ast.expr,VariableDeclarationExpr,285,151,31,9,49,43,30,17,13,14
javaparser-core-testing,com.github.javaparser.ast.expr,LambdaExpr,105,190,15,11,26,49,16,22,8,17
javaparser-core-testing,com.github.javaparser.ast.expr,ClassExpr,51,56,6,2,16,18,11,7,7,7
javaparser-core-testing,com.github.javaparser.ast.expr,MethodReferenceExpr,129,114,22,6,33,34,23,12,10,11
javaparser-core-testing,com.github.javaparser.ast.expr,LiteralStringValueExpr,28,31,1,1,10,10,8,3,7,3
javaparser-core-testing,com.github.javaparser.ast.expr,NameExpr,47,87,5,3,12,26,8,12,5,11
javaparser-core-testing,com.github.javaparser.ast.expr,MemberValuePair,68,90,10,4,18,27,11,9,4,9
javaparser-core-testing,com.github.javaparser.ast.expr,LiteralExpr,25,6,0,0,9,3,7,1,7,1
javaparser-core-testing,com.github.javaparser.ast.expr,SimpleName,2,64,1,1,1,20,1,10,0,10
javaparser-core-testing,com.github.javaparser.ast.expr,SuperExpr,80,56,13,3,24,19,16,9,9,8
javaparser-core-testing,com.github.javaparser.ast.expr,MethodCallExpr,272,231,54,16,57,61,44,25,14,20
javaparser-core-testing,com.github.javaparser.ast.expr,BooleanLiteralExpr,22,54,0,2,7,18,5,10,5,9
javaparser-core-testing,com.github.javaparser.ast.expr,StringLiteralExpr,23,42,0,0,7,15,5,9,5,9
javaparser-core-testing,com.github.javaparser.ast.expr,AnnotationExpr,67,37,6,2,20,12,14,3,10,3
javaparser-core-testing,com.github.javaparser.ast.expr,ArrayInitializerExpr,87,63,13,3,21,21,14,9,7,8
javaparser-core-testing,com.github.javaparser.ast.expr,Expression,950,29,22,2,165,12,168,8,157,7
javaparser-core-testing,com.github.javaparser.ast.expr,BinaryExpr.Operator,32,232,11,1,11,26,11,4,0,4
javaparser-core-testing,com.github.javaparser.ast.expr,LongLiteralExpr,29,123,2,18,9,27,8,18,6,10
javaparser-core-testing,com.github.javaparser.ast.expr,BinaryExpr,54,135,9,7,17,39,11,15,5,13
javaparser-core-testing,com.github.javaparser.ast.expr,UnaryExpr,47,100,6,6,15,29,10,14,6,12
javaparser-core-testing,com.github.javaparser.ast.expr,MarkerAnnotationExpr,19,37,0,0,6,13,5,7,5,7
javaparser-core-testing,com.github.javaparser.ast.expr,AssignExpr.Operator,32,155,11,1,11,19,11,4,0,4
javaparser-core-testing,com.github.javaparser.ast.expr,NullLiteralExpr,19,22,0,0,6,9,5,5,5,5
javaparser-core-testing,com.github.javaparser.ast.expr,FieldAccessExpr,159,136,31,7,36,40,27,15,9,14
javaparser-core-testing,com.github.javaparser.ast.expr,InstanceOfExpr,122,132,21,9,36,39,23,14,10,12
javaparser-core-testing,com.github.javaparser.ast.expr,AssignExpr,61,130,10,6,19,38,13,14,6,13
javaparser-core-testing,com.github.javaparser.ast.expr,CharLiteralExpr,34,39,0,0,10,13,7,8,7,8
javaparser-core-testing,com.github.javaparser.ast.validator,TypedValidator.new Processor() {...},6,23,0,0,0,3,1,3,1,3
javaparser-core-testing,com.github.javaparser.ast.validator,RecordAsTypeIdentifierNotAllowed,13,53,4,8,2,13,3,7,0,4
javaparser-core-testing,com.github.javaparser.ast.validator,VisitorValidator,0,8,0,0,0,3,0,2,0,2
javaparser-core-testing,com.github.javaparser.ast.validator,ProblemReporter,0,28,0,0,0,7,0,3,0,3
javaparser-core-testing,com.github.javaparser.ast.validator,TreeVisitorValidator,0,28,0,2,0,8,0,3,0,2
javaparser-core-testing,com.github.javaparser.ast.validator,ReservedKeywordValidator,7,45,1,3,1,11,1,4,0,3
javaparser-core-testing,com.github.javaparser.ast.validator,SingleNodeTypeValidator,0,38,0,2,0,8,0,4,0,3
javaparser-core-testing,com.github.javaparser.ast.validator,SimpleValidator,0,16,0,2,0,5,0,3,0,2
javaparser-core-testing,com.github.javaparser.ast.validator,Validators,8,50,1,1,2,13,2,6,1,6
javaparser-core-testing,com.github.javaparser.ast.validator,TypedValidator,0,5,0,0,0,1,0,1,0,1
javaparser-core-testing,com.github.javaparser.resolution.types.parametrization,ResolvedTypeParameterValueProvider,56,0,14,0,13,0,8,0,1,0
javaparser-core-testing,com.github.javaparser.resolution.types.parametrization,ResolvedTypeParametersMap,158,0,14,0,31,0,19,0,12,0
javaparser-core-testing,com.github.javaparser.resolution.types.parametrization,ResolvedTypeParametersMap.Builder,60,0,0,0,15,0,4,0,4,0
javaparser-core-testing,com.github.javaparser.resolution.model.typesystem,LazyType,101,0,2,0,25,0,22,0,21,0
javaparser-core-testing,com.github.javaparser.resolution.model.typesystem,ReferenceTypeImpl,417,0,70,0,95,0,56,0,21,0
javaparser-core-testing,com.github.javaparser.resolution.model.typesystem,NullType,20,0,0,0,7,0,7,0,7,0
javaparser-core-testing,com.github.javaparser.ast.validator.language_level_validations.chunks,NoUnderscoresInIntegerLiteralsValidator,8,23,0,2,3,7,1,4,1,3
javaparser-core-testing,com.github.javaparser.ast.validator.language_level_validations.chunks,NoBinaryIntegerLiteralsValidator,8,24,0,2,3,7,1,4,1,3
javaparser-core-testing,com.github.javaparser.ast.validator.language_level_validations.chunks,VarValidator,15,181,5,29,5,43,5,20,0,8
javaparser-core-testing,com.github.javaparser.ast.validator.language_level_validations.chunks,UnderscoreKeywordValidator,0,34,0,2,0,10,0,5,0,4
javaparser-core-testing,com.github.javaparser.ast.validator.language_level_validations.chunks,CommonValidators,0,181,0,28,0,24,0,23,0,9
javaparser-core-testing,com.github.javaparser.ast.validator.language_level_validations.chunks,RecordDeclarationValidator,0,103,0,8,0,19,0,13,0,9
javaparser-core-testing,com.github.javaparser.ast.validator.language_level_validations.chunks,ModifierValidator,0,886,0,52,0,107,0,47,0,21
javaparser-core-testing,com.github.javaparser.printer.configuration,Indentation,14,68,0,2,1,23,1,9,1,8
javaparser-core-testing,com.github.javaparser.printer.configuration,Indentation.IndentType,0,60,0,0,0,10,0,4,0,4
javaparser-core-testing,com.github.javaparser.printer.configuration,DefaultPrinterConfiguration.ConfigOption,18,158,1,1,1,20,1,3,0,3
javaparser-core-testing,com.github.javaparser.printer.configuration,DefaultPrinterConfiguration,8,104,0,0,2,9,2,5,2,5
javaparser-core-testing,com.github.javaparser.printer.configuration,DefaultConfigurationOption,26,119,3,11,3,24,4,14,1,10
javaparser-core-testing,com.github.javaparser.printer.configuration,PrettyPrinterConfiguration,363,0,16,0,51,0,42,0,34,0
javaparser-core-testing,com.github.javaparser.printer,DotPrinter,0,332,0,18,0,43,0,14,0,5
javaparser-core-testing,com.github.javaparser.printer,DefaultPrettyPrinter,0,55,0,0,0,16,0,9,0,9
javaparser-core-testing,com.github.javaparser.printer,SourcePrinter,51,353,7,19,11,75,9,24,2,17
javaparser-core-testing,com.github.javaparser.printer,DefaultPrettyPrinterVisitor,1212,4135,138,342,276,963,126,250,27,109
javaparser-core-testing,com.github.javaparser.printer,PrettyPrinter,51,0,2,0,16,0,7,0,6,0
javaparser-core-testing,com.github.javaparser.printer,ConcreteSyntaxModel,34,4778,3,7,3,116,5,13,2,11
javaparser-core-testing,com.github.javaparser.printer,PrettyPrintVisitor,5287,0,480,0,1225,0,376,0,136,0
javaparser-core-testing,com.github.javaparser.printer,YamlPrinter,1,325,1,21,0,41,1,16,0,6
javaparser-core-testing,com.github.javaparser.printer,XmlPrinter,9,220,1,15,2,39,2,12,1,5
javaparser-core-testing,com.github.javaparser.ast.type,PrimitiveType.Primitive,41,119,4,0,7,15,6,3,4,3
javaparser-core-testing,com.github.javaparser.ast.type,ArrayType,55,271,6,20,11,63,11,28,5,21
javaparser-core-testing,com.github.javaparser.ast.type,UnionType,130,61,14,2,30,19,20,8,12,8
javaparser-core-testing,com.github.javaparser.ast.type,WildcardType,201,121,34,6,49,32,33,14,15,12
javaparser-core-testing,com.github.javaparser.ast.type,VarType,151,31,20,0,39,11,22,7,12,7
javaparser-core-testing,com.github.javaparser.ast.type,UnknownType,38,32,1,1,10,12,9,7,8,7
javaparser-core-testing,com.github.javaparser.ast.type,Type,329,65,12,4,61,21,54,11,48,9
javaparser-core-testing,com.github.javaparser.ast.type,VoidType,24,35,0,0,9,11,8,7,8,7
javaparser-core-testing,com.github.javaparser.ast.type,ArrayType.ArrayBracketPair,0,49,0,0,0,15,0,7,0,7
javaparser-core-testing,com.github.javaparser.ast.type,PrimitiveType,60,123,1,3,15,30,13,18,12,17
javaparser-core-testing,com.github.javaparser.ast.type,IntersectionType,109,63,13,3,23,21,16,10,9,9
javaparser-core-testing,com.github.javaparser.ast.type,TypeParameter,181,112,18,4,37,31,25,11,14,11
javaparser-core-testing,com.github.javaparser.ast.type,ArrayType.Origin,0,24,0,0,0,3,0,1,0,1
javaparser-core-testing,com.github.javaparser.ast.type,ReferenceType,33,7,0,0,11,3,8,1,8,1
javaparser-core-testing,com.github.javaparser.ast.type,ClassOrInterfaceType,193,309,29,17,38,71,26,32,8,27
javaparser-core-testing,com.github.javaparser.ast.validator.language_level_validations,Java11PreviewValidator,0,3,0,0,0,2,0,1,0,1
javaparser-core-testing,com.github.javaparser.ast.validator.language_level_validations,Java17PreviewValidator,0,3,0,0,0,2,0,1,0,1
javaparser-core-testing,com.github.javaparser.ast.validator.language_level_validations,Java14PreviewValidator,0,28,0,0,0,7,0,1,0,1
javaparser-core-testing,com.github.javaparser.ast.validator.language_level_validations,Java8Validator,0,58,0,6,0,13,0,6,0,3
javaparser-core-testing,com.github.javaparser.ast.validator.language_level_validations,Java13Validator,0,3,0,0,0,2,0,1,0,1
javaparser-core-testing,com.github.javaparser.ast.validator.language_level_validations,Java12Validator,0,3,0,0,0,2,0,1,0,1
javaparser-core-testing,com.github.javaparser.ast.validator.language_level_validations,Java14Validator,0,32,0,0,0,7,0,1,0,1
javaparser-core-testing,com.github.javaparser.ast.validator.language_level_validations,Java9Validator,6,60,1,5,1,11,1,4,0,2
javaparser-core-testing,com.github.javaparser.ast.validator.language_level_validations,Java17Validator,0,3,0,0,0,2,0,1,0,1
javaparser-core-testing,com.github.javaparser.ast.validator.language_level_validations,Java11Validator,0,20,0,0,0,4,0,1,0,1
javaparser-core-testing,com.github.javaparser.ast.validator.language_level_validations,Java10PreviewValidator,0,3,0,0,0,2,0,1,0,1
javaparser-core-testing,com.github.javaparser.ast.validator.language_level_validations,Java13PreviewValidator,0,23,0,0,0,6,0,1,0,1
javaparser-core-testing,com.github.javaparser.ast.validator.language_level_validations,Java16PreviewValidator,0,3,0,0,0,2,0,1,0,1
javaparser-core-testing,com.github.javaparser.ast.validator.language_level_validations,Java1_2Validator,0,29,0,0,0,6,0,1,0,1
javaparser-core-testing,com.github.javaparser.ast.validator.language_level_validations,Java1_4Validator,0,8,0,0,0,3,0,1,0,1
javaparser-core-testing,com.github.javaparser.ast.validator.language_level_validations,Java10Validator,0,18,0,0,0,4,0,1,0,1
javaparser-core-testing,com.github.javaparser.ast.validator.language_level_validations,Java6Validator,0,3,0,0,0,2,0,1,0,1
javaparser-core-testing,com.github.javaparser.ast.validator.language_level_validations,Java15Validator,0,8,0,0,0,3,0,1,0,1
javaparser-core-testing,com.github.javaparser.ast.validator.language_level_validations,Java16Validator,0,23,0,0,0,6,0,1,0,1
javaparser-core-testing,com.github.javaparser.ast.validator.language_level_validations,Java5Validator,0,152,0,12,0,31,0,12,0,6
javaparser-core-testing,com.github.javaparser.ast.validator.language_level_validations,Java1_0Validator,25,486,1,21,0,61,6,39,5,29
javaparser-core-testing,com.github.javaparser.ast.validator.language_level_validations,Java1_3Validator,0,3,0,0,0,2,0,1,0,1
javaparser-core-testing,com.github.javaparser.ast.validator.language_level_validations,Java1_1Validator,0,42,0,4,0,8,0,5,0,3
javaparser-core-testing,com.github.javaparser.ast.validator.language_level_validations,Java15PreviewValidator,0,23,0,0,0,6,0,1,0,1
javaparser-core-testing,com.github.javaparser.ast.validator.language_level_validations,Java12PreviewValidator,0,13,0,0,0,4,0,1,0,1
javaparser-core-testing,com.github.javaparser.ast.validator.language_level_validations,Java7Validator,0,98,1,11,0,19,1,8,0,3
javaparser-core-testing,com.github.javaparser.printer.lexicalpreservation.changes,NoChange,0,7,0,0,0,2,0,2,0,2
javaparser-core-testing,com.github.javaparser.printer.lexicalpreservation.changes,PropertyChange,3,29,0,2,1,10,1,5,1,4
javaparser-core-testing,com.github.javaparser.printer.lexicalpreservation.changes,ListAdditionChange,21,59,2,4,3,16,2,3,0,2
javaparser-core-testing,com.github.javaparser.printer.lexicalpreservation.changes,ListRemovalChange,21,55,2,4,3,15,2,3,0,2
javaparser-core-testing,com.github.javaparser.printer.lexicalpreservation.changes,ListReplacementChange,21,60,2,4,3,16,2,3,0,2
javaparser-core-testing,com.github.javaparser.printer.lexicalpreservation.changes,Change,18,50,1,8,1,5,1,7,0,2
javaparser-core-testing,com.github.javaparser.resolution,MethodUsage,489,0,36,0,91,0,42,0,24,0
javaparser-core-testing,com.github.javaparser.resolution,Context,283,0,28,0,85,0,41,0,27,0
javaparser-core-testing,com.github.javaparser.resolution,Navigator,453,0,56,0,93,0,62,0,34,0
javaparser-core-testing,com.github.javaparser.resolution,UnsolvedSymbolException,79,0,2,0,13,0,7,0,6,0
javaparser-core-testing,com.github.javaparser.resolution,TypeSolver,40,0,4,0,10,0,7,0,5,0
javaparser-core-testing,com.github.javaparser.resolution,MethodAmbiguityException,4,0,0,0,2,0,1,0,1,0
javaparser-core-testing,com.github.javaparser.printer.configuration.imports,EclipseImportOrderingStrategy,3,148,0,14,1,34,1,10,1,3
javaparser-core-testing,com.github.javaparser.printer.configuration.imports,IntelliJImportOrderingStrategy,3,92,1,9,1,22,2,7,1,3
javaparser-core-testing,com.github.javaparser.printer.configuration.imports,DefaultImportOrderingStrategy,3,31,0,4,1,9,1,6,1,4
javaparser-core-testing,com.github.javaparser.javadoc,Javadoc,64,186,6,16,10,38,11,14,5,9
javaparser-core-testing,com.github.javaparser.javadoc,JavadocBlockTag.Type,0,182,0,10,0,22,0,9,0,4
javaparser-core-testing,com.github.javaparser.javadoc,JavadocBlockTag,61,135,5,9,11,29,10,9,5,7
javaparser-core-testing,com.github.javaparser.printer.lexicalpreservation,TextElementMatchers.new TextElementMatcher() {...},10,11,0,0,1,2,1,2,1,2
javaparser-core-testing,com.github.javaparser.printer.lexicalpreservation,TextElementIteratorsFactory.EmptyIterator,4,5,0,0,1,2,1,2,1,2
javaparser-core-testing,com.github.javaparser.printer.lexicalpreservation,Reshuffled,71,74,8,6,16,12,11,11,7,8
javaparser-core-testing,com.github.javaparser.printer.lexicalpreservation,Difference,521,2893,118,480,77,528,104,252,8,49
javaparser-core-testing,com.github.javaparser.printer.lexicalpreservation,DifferenceElementCalculator,100,740,10,118,7,148,11,72,1,18
javaparser-core-testing,com.github.javaparser.printer.lexicalpreservation,TokenTextElement,8,125,1,7,2,32,3,25,2,22
javaparser-core-testing,com.github.javaparser.printer.lexicalpreservation,RemovedGroup,19,302,12,30,6,63,12,29,0,20
javaparser-core-testing,com.github.javaparser.printer.lexicalpreservation,TextElementIteratorsFactory.SingleElementIterator,1,19,0,2,1,6,1,4,1,3
javaparser-core-testing,com.github.javaparser.printer.lexicalpreservation,TextElementIteratorsFactory.ComposedIterator,12,47,1,5,3,12,2,5,1,3
javaparser-core-testing,com.github.javaparser.printer.lexicalpreservation,TextElementIteratorsFactory.CascadingIterator,23,60,5,7,8,19,4,6,1,3
javaparser-core-testing,com.github.javaparser.printer.lexicalpreservation,Added,28,97,4,12,5,20,6,16,2,12
javaparser-core-testing,com.github.javaparser.printer.lexicalpreservation,LexicalDifferenceCalculator,198,757,28,75,33,143,23,54,0,20
javaparser-core-testing,com.github.javaparser.printer.lexicalpreservation,Removed,50,103,5,13,7,33,6,18,2,13
javaparser-core-testing,com.github.javaparser.printer.lexicalpreservation,Difference.MatchClassification,0,70,0,0,0,6,0,3,0,3
javaparser-core-testing,com.github.javaparser.printer.lexicalpreservation,TextElementIteratorsFactory.new TextElementIteratorsFactory.SingleElementIterator() {...},6,10,0,0,2,1,1,1,1,1
javaparser-core-testing,com.github.javaparser.printer.lexicalpreservation,Difference.EnforcingIndentationContext,0,12,0,0,0,4,0,1,0,1
javaparser-core-testing,com.github.javaparser.printer.lexicalpreservation,LexicalPreservingPrinter.new DataKey() {...},0,3,0,0,0,1,0,1,0,1
javaparser-core-testing,com.github.javaparser.printer.lexicalpreservation,LexicalPreservingPrinter.new TreeVisitor() {...},0,17,0,2,0,4,0,3,0,2
javaparser-core-testing,com.github.javaparser.printer.lexicalpreservation,LexicalDifferenceCalculator.CalculatedSyntaxModel,12,45,0,4,1,7,1,7,1,5
javaparser-core-testing,com.github.javaparser.printer.lexicalpreservation,TextElementIteratorsFactory,7,55,1,5,2,12,2,5,1,3
javaparser-core-testing,com.github.javaparser.printer.lexicalpreservation,TextElement,16,44,7,3,1,6,5,8,1,7
javaparser-core-testing,com.github.javaparser.printer.lexicalpreservation,LexicalPreservingVisitor,4,23,0,0,2,8,1,4,1,4
javaparser-core-testing,com.github.javaparser.printer.lexicalpreservation,PhantomNodeLogic.new AstObserverAdapter() {...},8,0,0,0,3,0,2,0,2,0
javaparser-core-testing,com.github.javaparser.printer.lexicalpreservation,LexicalDifferenceCalculator.CsmChild,20,34,2,4,3,10,4,5,2,4
javaparser-core-testing,com.github.javaparser.printer.lexicalpreservation,PhantomNodeLogic,99,0,20,0,14,0,15,0,5,0
javaparser-core-testing,com.github.javaparser.printer.lexicalpreservation,LexicalPreservingPrinter.Observer,214,578,38,70,39,109,37,46,8,21
javaparser-core-testing,com.github.javaparser.printer.lexicalpreservation,RemovedGroup.new Iterator() {...},0,40,1,3,0,4,1,4,0,3
javaparser-core-testing,com.github.javaparser.printer.lexicalpreservation,TextElementMatcher,0,16,1,3,0,1,1,3,0,2
javaparser-core-testing,com.github.javaparser.printer.lexicalpreservation,Difference.ReadOnlyListIterator,28,31,0,0,7,8,7,5,7,5
javaparser-core-testing,com.github.javaparser.printer.lexicalpreservation,NodeText,112,146,11,5,19,37,11,21,5,19
javaparser-core-testing,com.github.javaparser.printer.lexicalpreservation,ChildTextElement,47,61,6,2,12,18,10,16,7,15
javaparser-core-testing,com.github.javaparser.printer.lexicalpreservation,DifferenceElementCalculator.ChildPositionInfo,10,55,5,11,2,9,6,5,1,2
javaparser-core-testing,com.github.javaparser.printer.lexicalpreservation,LexicalPreservingPrinter,177,811,22,109,29,174,23,74,3,25
javaparser-core-testing,com.github.javaparser.printer.lexicalpreservation,DifferenceElement,0,21,0,0,0,5,0,5,0,5
javaparser-core-testing,com.github.javaparser.printer.lexicalpreservation,TextElementMatchers,10,5,0,0,2,1,3,1,3,1
javaparser-core-testing,com.github.javaparser.printer.lexicalpreservation,Kept,46,93,8,8,10,28,10,14,2,14
javaparser-core-testing,com.github.javaparser,StringProvider,2,59,1,5,1,17,1,5,0,3
javaparser-core-testing,com.github.javaparser,GeneratedJavaParserTokenManager,2383,10138,688,1102,365,1351,505,693,4,50
javaparser-core-testing,com.github.javaparser,SimpleCharStream,14,43,0,0,4,13,2,6,2,6
javaparser-core-testing,com.github.javaparser,UnicodeEscapeProcessingProvider.PositionMapping,0,86,0,8,0,19,0,10,0,6
javaparser-core-testing,com.github.javaparser,UnicodeEscapeProcessingProvider,0,456,1,54,0,125,1,47,0,19
javaparser-core-testing,com.github.javaparser,JavaParserAdapter,3,244,0,2,1,35,1,32,1,31
javaparser-core-testing,com.github.javaparser,Problem,18,159,8,8,5,24,5,17,0,14
javaparser-core-testing,com.github.javaparser,Token,10,24,0,0,4,8,3,4,3,4
javaparser-core-testing,com.github.javaparser,JavaParserBuild,3,0,0,0,1,0,1,0,1,0
javaparser-core-testing,com.github.javaparser,ParseResult,0,82,1,9,0,20,1,12,0,8
javaparser-core-testing,com.github.javaparser,TokenBase,0,9,0,0,0,3,0,1,0,1
javaparser-core-testing,com.github.javaparser,JavaToken.Category,9,151,5,19,1,18,5,18,1,10
javaparser-core-testing,com.github.javaparser,ParserConfiguration.LanguageLevel,0,475,0,2,0,37,0,5,0,4
javaparser-core-testing,com.github.javaparser,GeneratedJavaParser.JJCalls,0,3,0,0,0,1,0,1,0,1
javaparser-core-testing,com.github.javaparser,CommentsInserter,16,425,15,59,5,81,15,36,0,14
javaparser-core-testing,com.github.javaparser,ParseException,89,232,12,21,26,53,15,11,3,3
javaparser-core-testing,com.github.javaparser,TokenMgrException,35,134,8,9,14,25,9,9,1,5
javaparser-core-testing,com.github.javaparser,AbstractCharStream,262,648,33,44,56,142,34,39,8,18
javaparser-core-testing,com.github.javaparser,TokenRange.new Iterator() {...},10,48,2,6,2,11,2,5,0,3
javaparser-core-testing,com.github.javaparser,Range,70,210,7,35,11,30,15,28,8,14
javaparser-core-testing,com.github.javaparser,UnicodeEscapeProcessingProvider.LineCounter,8,55,0,6,1,21,1,9,1,5
javaparser-core-testing,com.github.javaparser,GeneratedJavaParserBase,54,808,23,81,12,166,24,60,2,30
javaparser-core-testing,com.github.javaparser,ParserConfiguration,30,177,1,1,12,44,7,24,6,24
javaparser-core-testing,com.github.javaparser,TokenTypes,11,75,1,14,3,23,3,19,2,9
javaparser-core-testing,com.github.javaparser,JavadocParser,10,333,4,40,2,50,5,31,2,12
javaparser-core-testing,com.github.javaparser,StreamProvider,19,35,6,2,4,11,5,4,1,4
javaparser-core-testing,com.github.javaparser,ParseStart,0,43,0,0,0,21,0,1,0,1
javaparser-core-testing,com.github.javaparser,UnicodeEscapeProcessingProvider.PositionMapping.DeltaInfo,27,21,0,0,1,6,1,3,1,3
javaparser-core-testing,com.github.javaparser,JavaToken.Kind,23,1956,11,152,1,303,8,152,0,5
javaparser-core-testing,com.github.javaparser,Providers,30,79,1,1,5,15,3,10,2,10
javaparser-core-testing,com.github.javaparser,Position,38,266,9,47,5,41,12,34,4,14
javaparser-core-testing,com.github.javaparser,ParserConfiguration.new Processor() {...},0,13,0,2,0,4,0,3,0,2
javaparser-core-testing,com.github.javaparser,ParserConfiguration.new Processor() {...},13,12,2,0,3,3,3,2,2,2
javaparser-core-testing,com.github.javaparser,ParserConfiguration.new Processor() {...},0,42,1,5,0,8,1,5,0,3
javaparser-core-testing,com.github.javaparser,ParserConfiguration.new Processor() {...},0,32,0,2,0,4,0,5,0,4
javaparser-core-testing,com.github.javaparser,ModifierHolder,0,14,0,0,0,5,0,1,0,1
javaparser-core-testing,com.github.javaparser,JavaToken,118,338,6,24,24,92,12,38,7,28
javaparser-core-testing,com.github.javaparser,Processor,1,5,0,0,1,2,1,2,1,2
javaparser-core-testing,com.github.javaparser,LineEndingProcessingProvider,0,206,1,19,0,48,1,17,0,8
javaparser-core-testing,com.github.javaparser,ParserConfiguration.LineEndingProcessor,2,38,2,2,1,10,2,4,0,4
javaparser-core-testing,com.github.javaparser,StaticJavaParser,118,180,2,0,29,52,12,28,11,28
javaparser-core-testing,com.github.javaparser,JavaParser,61,369,1,11,9,68,7,39,6,34
javaparser-core-testing,com.github.javaparser,TokenRange,2,97,2,4,1,17,2,10,0,9
javaparser-core-testing,com.github.javaparser,ParserConfiguration.UnicodeEscapeProcessor,0,57,1,5,0,12,1,8,0,6
javaparser-core-testing,com.github.javaparser,ParseProblemException,3,46,0,2,1,10,1,4,1,3
javaparser-core-testing,com.github.javaparser,UnicodeEscapeProcessingProvider.PositionMappingBuilder,0,67,0,4,0,16,0,5,0,3
javaparser-core-testing,com.github.javaparser,RangedList,5,36,1,1,1,11,1,4,0,4
javaparser-core-testing,com.github.javaparser,UnicodeEscapeProcessingProvider.PositionMapping.PositionUpdate.new UnicodeEscapeProcessingProvider.PositionMapping.PositionUpdate() {...},4,5,0,0,2,2,2,2,2,2
javaparser-core-testing,com.github.javaparser,GeneratedJavaParserConstants,0,596,0,0,0,1,0,1,0,1
javaparser-core-testing,com.github.javaparser,GeneratedJavaParser,4152,20972,1066,2441,838,4093,933,1668,72,677
javaparser-core-testing,com.github.javaparser,GeneratedJavaParserTokenManagerBase,8,59,1,5,2,9,2,4,1,2
javaparser-core-testing,com.github.javaparser,UnicodeEscapeProcessingProvider.PositionMapping.PositionUpdate,0,25,0,0,0,6,0,2,0,2
javaparser-core-testing,com.github.javaparser,HasParentNode,10,78,0,10,1,10,1,12,1,7
javaparser-core-testing,com.github.javaparser.ast.observer,AstObserverAdapter,2,5,0,0,2,3,2,3,2,3
javaparser-core-testing,com.github.javaparser.ast.observer,ObservableProperty.Type,0,63,0,0,0,6,0,2,0,2
javaparser-core-testing,com.github.javaparser.ast.observer,ObservableProperty,144,1314,11,19,19,148,15,22,7,15
javaparser-core-testing,com.github.javaparser.ast.observer,PropagatingAstObserver.new PropagatingAstObserver() {...},0,29,0,0,0,7,0,4,0,4
javaparser-core-testing,com.github.javaparser.ast.observer,AstObserver.ListChangeType,0,24,0,0,0,2,0,1,0,1
javaparser-core-testing,com.github.javaparser.ast.observer,PropagatingAstObserver,6,91,3,13,4,29,5,14,2,9
javaparser-core-testing,com.github.javaparser.ast.validator.postprocessors,Java15PostProcessor,0,3,0,0,0,1,0,1,0,1
javaparser-core-testing,com.github.javaparser.ast.validator.postprocessors,Java13PostProcessor,0,3,0,0,0,1,0,1,0,1
javaparser-core-testing,com.github.javaparser.ast.validator.postprocessors,Java17PostProcessor,0,3,0,0,0,1,0,1,0,1
javaparser-core-testing,com.github.javaparser.ast.validator.postprocessors,Java14PostProcessor,0,3,0,0,0,1,0,1,0,1
javaparser-core-testing,com.github.javaparser.ast.validator.postprocessors,Java11PostProcessor,0,3,0,0,0,1,0,1,0,1
javaparser-core-testing,com.github.javaparser.ast.validator.postprocessors,Java12PostProcessor,0,3,0,0,0,1,0,1,0,1
javaparser-core-testing,com.github.javaparser.ast.validator.postprocessors,PostProcessors,25,33,2,0,7,8,4,4,3,4
javaparser-core-testing,com.github.javaparser.ast.validator.postprocessors,Java10PostProcessor,0,31,0,0,0,7,0,2,0,2
javaparser-core-testing,com.github.javaparser.ast.validator.postprocessors,Java10PostProcessor.new Processor() {...},0,60,1,7,0,12,1,9,0,6
javaparser-core-testing,com.github.javaparser.ast.validator.postprocessors,Java16PostProcessor,0,3,0,0,0,1,0,1,0,1
javaparser-core-testing,com.github.javaparser.ast.visitor,GenericVisitorWithDefaults,10,497,0,0,2,101,2,101,2,101
javaparser-core-testing,com.github.javaparser.ast.visitor,EqualsVisitor,2931,1264,551,171,671,249,388,82,63,46
javaparser-core-testing,com.github.javaparser.ast.visitor,ObjectIdentityHashCodeVisitor,12,403,0,0,3,100,3,100,3,100
javaparser-core-testing,com.github.javaparser.ast.visitor,CloneVisitor,3592,1858,4,12,546,289,74,40,70,36
javaparser-core-testing,com.github.javaparser.ast.visitor,NoCommentHashCodeVisitor,375,2134,43,45,1,106,44,103,1,102
javaparser-core-testing,com.github.javaparser.ast.visitor,ModifierVisitor,3904,1184,164,32,652,224,286,42,196,34
javaparser-core-testing,com.github.javaparser.ast.visitor,GenericVisitorAdapter,3394,747,785,109,978,197,513,35,71,30
javaparser-core-testing,com.github.javaparser.ast.visitor,HashCodeVisitor,1295,3021,135,151,1,105,135,110,1,101
javaparser-core-testing,com.github.javaparser.ast.visitor,VoidVisitorAdapter,361,2697,2,0,4,412,71,261,70,261
javaparser-core-testing,com.github.javaparser.ast.visitor,NoCommentEqualsVisitor,2884,211,469,33,654,42,342,17,98,10
javaparser-core-testing,com.github.javaparser.ast.visitor,VoidVisitorWithDefaults,10,495,0,0,4,199,2,101,2,101
javaparser-core-testing,com.github.javaparser.ast.visitor,ObjectIdentityEqualsVisitor,799,16,198,2,100,3,199,4,100,3
javaparser-core-testing,com.github.javaparser.ast.visitor,TreeVisitor,19,74,2,4,5,19,2,7,1,5
javaparser-core-testing,com.github.javaparser.ast.visitor,GenericListVisitorAdapter,5470,0,890,0,1269,0,547,0,102,0
javaparser-core-testing,com.github.javaparser.ast.modules,ModuleDirective,214,6,0,0,44,3,43,1,43,1
javaparser-core-testing,com.github.javaparser.ast.modules,ModuleDeclaration,157,175,28,8,34,48,21,17,4,16
javaparser-core-testing,com.github.javaparser.ast.modules,ModuleExportsDirective,117,105,17,5,32,31,21,12,11,11
javaparser-core-testing,com.github.javaparser.ast.modules,ModuleOpensDirective,120,94,18,4,32,29,21,11,10,11
javaparser-core-testing,com.github.javaparser.ast.modules,ModuleRequiresDirective,128,100,18,4,34,30,23,12,12,12
javaparser-core-testing,com.github.javaparser.ast.modules,ModuleProvidesDirective,122,92,18,4,33,28,22,10,11,10
javaparser-core-testing,com.github.javaparser.ast.modules,ModuleUsesDirective,91,58,10,2,29,19,17,8,11,8
javaparser-core-testing,com.github.javaparser.utils,VisitorSet.new Iterator() {...},4,22,0,0,1,5,1,3,1,3
javaparser-core-testing,com.github.javaparser.utils,StringEscapeUtils.OctalUnescaper,1,116,8,16,0,17,8,8,0,4
javaparser-core-testing,com.github.javaparser.utils,ClassUtils,5,96,1,9,2,20,2,7,1,3
javaparser-core-testing,com.github.javaparser.utils,SourceZip,26,133,0,6,5,23,7,8,7,5
javaparser-core-testing,com.github.javaparser.utils,TypeUtils,130,0,12,0,28,0,12,0,6,0
javaparser-core-testing,com.github.javaparser.utils,VisitorList.new VisitorList() {...},0,24,0,0,0,3,0,1,0,1
javaparser-core-testing,com.github.javaparser.utils,VisitorList.new ListIterator() {...},42,27,0,0,9,5,7,3,7,3
javaparser-core-testing,com.github.javaparser.utils,VisitorList.new Iterator() {...},4,22,0,0,1,5,1,3,1,3
javaparser-core-testing,com.github.javaparser.utils,VisitorMap.EqualsHashcodeOverridingFacade,10,36,2,2,3,6,4,3,2,3
javaparser-core-testing,com.github.javaparser.utils,Log,3,76,0,2,1,18,1,14,1,13
javaparser-core-testing,com.github.javaparser.utils,CollectionStrategy,85,58,4,4,10,13,11,2,7,2
javaparser-core-testing,com.github.javaparser.utils,VisitorSet.EqualsHashcodeOverridingFacade,10,36,2,2,3,6,4,3,2,3
javaparser-core-testing,com.github.javaparser.utils,SourceRoot.new SimpleFileVisitor() {...},0,41,2,4,0,6,2,4,0,3
javaparser-core-testing,com.github.javaparser.utils,SourceRoot.new SimpleFileVisitor() {...},2,38,2,4,1,4,2,4,0,3
javaparser-core-testing,com.github.javaparser.utils,ParserCollectionStrategy,19,27,0,0,4,8,2,3,2,3
javaparser-core-testing,com.github.javaparser.utils,StringEscapeUtils,0,401,0,0,0,8,0,4,0,4
javaparser-core-testing,com.github.javaparser.utils,LineSeparator,3,306,4,44,1,51,5,32,1,12
javaparser-core-testing,com.github.javaparser.utils,Log.StandardOutStandardErrorAdapter,72,15,4,0,18,5,4,3,2,3
javaparser-core-testing,com.github.javaparser.utils,SeparatedItemStringBuilder,0,55,0,2,0,13,0,5,0,4
javaparser-core-testing,com.github.javaparser.utils,VisitorList,128,193,10,14,19,37,18,21,10,17
javaparser-core-testing,com.github.javaparser.utils,VisitorSet,69,143,8,10,10,27,10,16,4,13
javaparser-core-testing,com.github.javaparser.utils,CodeGenerationUtils,43,196,2,18,8,30,4,20,3,11
javaparser-core-testing,com.github.javaparser.utils,StringEscapeUtils.CharSequenceTranslator,29,64,8,10,10,19,6,5,0,2
javaparser-core-testing,com.github.javaparser.utils,VisitorList.EqualsHashcodeOverridingFacade,20,26,2,2,4,5,5,2,3,2
javaparser-core-testing,com.github.javaparser.utils,ParserCollectionStrategy.new SimpleFileVisitor() {...},0,76,2,14,0,16,2,10,0,4
javaparser-core-testing,com.github.javaparser.utils,StringEscapeUtils.AggregateTranslator,2,40,1,5,0,8,1,4,0,2
javaparser-core-testing,com.github.javaparser.utils,SourceRoot.ParallelParse.new SimpleFileVisitor() {...},0,52,0,4,0,10,0,5,0,3
javaparser-core-testing,com.github.javaparser.utils,SourceRoot.Callback.Result,0,34,0,0,0,2,0,1,0,1
javaparser-core-testing,com.github.javaparser.utils,StringEscapeUtils.LookupTranslator,5,128,2,14,1,27,2,8,0,2
javaparser-core-testing,com.github.javaparser.utils,Utils,12,451,3,68,3,96,4,63,1,30
javaparser-core-testing,com.github.javaparser.utils,Pair,57,24,14,0,12,5,9,2,2,2
javaparser-core-testing,com.github.javaparser.utils,VisitorMap,50,63,0,0,7,12,8,7,8,7
javaparser-core-testing,com.github.javaparser.utils,ProjectRoot,27,41,0,0,4,9,3,4,3,4
javaparser-core-testing,com.github.javaparser.utils,Log.SilentAdapter,1,5,0,0,1,3,1,3,1,3
javaparser-core-testing,com.github.javaparser.utils,SourceRoot,372,443,21,15,73,84,39,33,24,29
javaparser-core-testing,com.github.javaparser.utils,PositionUtils,124,185,16,32,22,46,18,24,7,11
javaparser-core-testing,com.github.javaparser.utils,StringEscapeUtils.UnicodeUnescaper,35,85,6,10,5,12,6,4,0,2
javaparser-core-testing,com.github.javaparser.utils,SourceRoot.ParallelParse,3,45,0,2,2,12,0,3,0,2
javaparser-core-testing,com.github.javaparser.metamodel,PackageDeclarationMetaModel,0,9,0,0,0,2,0,1,0,1
javaparser-core-testing,com.github.javaparser.metamodel,SwitchEntryMetaModel,0,9,0,0,0,2,0,1,0,1
javaparser-core-testing,com.github.javaparser.metamodel,ThisExprMetaModel,0,9,0,0,0,2,0,1,0,1
javaparser-core-testing,com.github.javaparser.metamodel,ClassOrInterfaceDeclarationMetaModel,0,9,0,0,0,2,0,1,0,1
javaparser-core-testing,com.github.javaparser.metamodel,AssignExprMetaModel,0,9,0,0,0,2,0,1,0,1
javaparser-core-testing,com.github.javaparser.metamodel,ModuleDirectiveMetaModel,0,18,0,0,0,4,0,2,0,2
javaparser-core-testing,com.github.javaparser.metamodel,NullLiteralExprMetaModel,0,9,0,0,0,2,0,1,0,1
javaparser-core-testing,com.github.javaparser.metamodel,UnionTypeMetaModel,0,9,0,0,0,2,0,1,0,1
javaparser-core-testing,com.github.javaparser.metamodel,WhileStmtMetaModel,0,9,0,0,0,2,0,1,0,1
javaparser-core-testing,com.github.javaparser.metamodel,JavaParserMetaModel,22,6891,4,0,5,913,3,5,1,5
javaparser-core-testing,com.github.javaparser.metamodel,AnnotationDeclarationMetaModel,0,9,0,0,0,2,0,1,0,1
javaparser-core-testing,com.github.javaparser.metamodel,ModifierMetaModel,0,9,0,0,0,2,0,1,0,1
javaparser-core-testing,com.github.javaparser.metamodel,ConditionalExprMetaModel,0,9,0,0,0,2,0,1,0,1
javaparser-core-testing,com.github.javaparser.metamodel,DoubleLiteralExprMetaModel,0,9,0,0,0,2,0,1,0,1
javaparser-core-testing,com.github.javaparser.metamodel,CatchClauseMetaModel,0,9,0,0,0,2,0,1,0,1
javaparser-core-testing,com.github.javaparser.metamodel,AnnotationExprMetaModel,0,18,0,0,0,4,0,2,0,2
javaparser-core-testing,com.github.javaparser.metamodel,BooleanLiteralExprMetaModel,0,9,0,0,0,2,0,1,0,1
javaparser-core-testing,com.github.javaparser.metamodel,CallableDeclarationMetaModel,0,18,0,0,0,4,0,2,0,2
javaparser-core-testing,com.github.javaparser.metamodel,ArrayAccessExprMetaModel,0,9,0,0,0,2,0,1,0,1
javaparser-core-testing,com.github.javaparser.metamodel,ModuleRequiresDirectiveMetaModel,0,9,0,0,0,2,0,1,0,1
javaparser-core-testing,com.github.javaparser.metamodel,ExpressionStmtMetaModel,0,9,0,0,0,2,0,1,0,1
javaparser-core-testing,com.github.javaparser.metamodel,VoidTypeMetaModel,0,9,0,0,0,2,0,1,0,1
javaparser-core-testing,com.github.javaparser.metamodel,AssertStmtMetaModel,0,9,0,0,0,2,0,1,0,1
javaparser-core-testing,com.github.javaparser.metamodel,EnclosedExprMetaModel,0,9,0,0,0,2,0,1,0,1
javaparser-core-testing,com.github.javaparser.metamodel,IntegerLiteralExprMetaModel,0,9,0,0,0,2,0,1,0,1
javaparser-core-testing,com.github.javaparser.metamodel,BaseNodeMetaModel,173,93,27,3,36,27,24,12,10,11
javaparser-core-testing,com.github.javaparser.metamodel,TypeMetaModel,0,18,0,0,0,4,0,2,0,2
javaparser-core-testing,com.github.javaparser.metamodel,LabeledStmtMetaModel,0,9,0,0,0,2,0,1,0,1
javaparser-core-testing,com.github.javaparser.metamodel,ContinueStmtMetaModel,0,9,0,0,0,2,0,1,0,1
javaparser-core-testing,com.github.javaparser.metamodel,CompactConstructorDeclarationMetaModel,0,9,0,0,0,2,0,1,0,1
javaparser-core-testing,com.github.javaparser.metamodel,CompilationUnitMetaModel,0,9,0,0,0,2,0,1,0,1
javaparser-core-testing,com.github.javaparser.metamodel,ExplicitConstructorInvocationStmtMetaModel,0,9,0,0,0,2,0,1,0,1
javaparser-core-testing,com.github.javaparser.metamodel,SingleMemberAnnotationExprMetaModel,0,9,0,0,0,2,0,1,0,1
javaparser-core-testing,com.github.javaparser.metamodel,ArrayCreationLevelMetaModel,0,9,0,0,0,2,0,1,0,1
javaparser-core-testing,com.github.javaparser.metamodel,IfStmtMetaModel,0,9,0,0,0,2,0,1,0,1
javaparser-core-testing,com.github.javaparser.metamodel,InitializerDeclarationMetaModel,0,9,0,0,0,2,0,1,0,1
javaparser-core-testing,com.github.javaparser.metamodel,ClassExprMetaModel,0,9,0,0,0,2,0,1,0,1
javaparser-core-testing,com.github.javaparser.metamodel,TypeDeclarationMetaModel,0,18,0,0,0,4,0,2,0,2
javaparser-core-testing,com.github.javaparser.metamodel,IntersectionTypeMetaModel,0,9,0,0,0,2,0,1,0,1
javaparser-core-testing,com.github.javaparser.metamodel,CharLiteralExprMetaModel,0,9,0,0,0,2,0,1,0,1
javaparser-core-testing,com.github.javaparser.metamodel,EnumConstantDeclarationMetaModel,0,9,0,0,0,2,0,1,0,1
javaparser-core-testing,com.github.javaparser.metamodel,BlockCommentMetaModel,0,9,0,0,0,2,0,1,0,1
javaparser-core-testing,com.github.javaparser.metamodel,TypeExprMetaModel,0,9,0,0,0,2,0,1,0,1
javaparser-core-testing,com.github.javaparser.metamodel,NodeMetaModel,0,18,0,0,0,4,0,2,0,2
javaparser-core-testing,com.github.javaparser.metamodel,ArrayCreationExprMetaModel,0,9,0,0,0,2,0,1,0,1
javaparser-core-testing,com.github.javaparser.metamodel,MethodCallExprMetaModel,0,9,0,0,0,2,0,1,0,1
javaparser-core-testing,com.github.javaparser.metamodel,ReceiverParameterMetaModel,0,9,0,0,0,2,0,1,0,1
javaparser-core-testing,com.github.javaparser.metamodel,UnaryExprMetaModel,0,9,0,0,0,2,0,1,0,1
javaparser-core-testing,com.github.javaparser.metamodel,ImportDeclarationMetaModel,0,9,0,0,0,2,0,1,0,1
javaparser-core-testing,com.github.javaparser.metamodel,ModuleExportsDirectiveMetaModel,0,9,0,0,0,2,0,1,0,1
javaparser-core-testing,com.github.javaparser.metamodel,ArrayInitializerExprMetaModel,0,9,0,0,0,2,0,1,0,1
javaparser-core-testing,com.github.javaparser.metamodel,SwitchExprMetaModel,0,9,0,0,0,2,0,1,0,1
javaparser-core-testing,com.github.javaparser.metamodel,ThrowStmtMetaModel,0,9,0,0,0,2,0,1,0,1
javaparser-core-testing,com.github.javaparser.metamodel,LineCommentMetaModel,0,9,0,0,0,2,0,1,0,1
javaparser-core-testing,com.github.javaparser.metamodel,LiteralExprMetaModel,0,18,0,0,0,4,0,2,0,2
javaparser-core-testing,com.github.javaparser.metamodel,ExpressionMetaModel,0,18,0,0,0,4,0,2,0,2
javaparser-core-testing,com.github.javaparser.metamodel,VariableDeclaratorMetaModel,0,9,0,0,0,2,0,1,0,1
javaparser-core-testing,com.github.javaparser.metamodel,ForStmtMetaModel,0,9,0,0,0,2,0,1,0,1
javaparser-core-testing,com.github.javaparser.metamodel,InstanceOfExprMetaModel,0,9,0,0,0,2,0,1,0,1
javaparser-core-testing,com.github.javaparser.metamodel,StatementMetaModel,0,18,0,0,0,4,0,2,0,2
javaparser-core-testing,com.github.javaparser.metamodel,VariableDeclarationExprMetaModel,0,9,0,0,0,2,0,1,0,1
javaparser-core-testing,com.github.javaparser.metamodel,WildcardTypeMetaModel,0,9,0,0,0,2,0,1,0,1
javaparser-core-testing,com.github.javaparser.metamodel,SimpleNameMetaModel,0,9,0,0,0,2,0,1,0,1
javaparser-core-testing,com.github.javaparser.metamodel,TryStmtMetaModel,0,9,0,0,0,2,0,1,0,1
javaparser-core-testing,com.github.javaparser.metamodel,TextBlockLiteralExprMetaModel,0,9,0,0,0,2,0,1,0,1
javaparser-core-testing,com.github.javaparser.metamodel,MethodReferenceExprMetaModel,0,9,0,0,0,2,0,1,0,1
javaparser-core-testing,com.github.javaparser.metamodel,BinaryExprMetaModel,0,9,0,0,0,2,0,1,0,1
javaparser-core-testing,com.github.javaparser.metamodel,JavadocCommentMetaModel,0,9,0,0,0,2,0,1,0,1
javaparser-core-testing,com.github.javaparser.metamodel,ModuleDeclarationMetaModel,0,9,0,0,0,2,0,1,0,1
javaparser-core-testing,com.github.javaparser.metamodel,CommentMetaModel,0,18,0,0,0,4,0,2,0,2
javaparser-core-testing,com.github.javaparser.metamodel,CastExprMetaModel,0,9,0,0,0,2,0,1,0,1
javaparser-core-testing,com.github.javaparser.metamodel,TypeParameterMetaModel,0,9,0,0,0,2,0,1,0,1
javaparser-core-testing,com.github.javaparser.metamodel,ParameterMetaModel,0,9,0,0,0,2,0,1,0,1
javaparser-core-testing,com.github.javaparser.metamodel,ReferenceTypeMetaModel,0,18,0,0,0,4,0,2,0,2
javaparser-core-testing,com.github.javaparser.metamodel,ReturnStmtMetaModel,0,9,0,0,0,2,0,1,0,1
javaparser-core-testing,com.github.javaparser.metamodel,ForEachStmtMetaModel,0,9,0,0,0,2,0,1,0,1
javaparser-core-testing,com.github.javaparser.metamodel,UnparsableStmtMetaModel,0,9,0,0,0,2,0,1,0,1
javaparser-core-testing,com.github.javaparser.metamodel,LambdaExprMetaModel,0,9,0,0,0,2,0,1,0,1
javaparser-core-testing,com.github.javaparser.metamodel,ConstructorDeclarationMetaModel,0,9,0,0,0,2,0,1,0,1
javaparser-core-testing,com.github.javaparser.metamodel,PatternExprMetaModel,0,9,0,0,0,2,0,1,0,1
javaparser-core-testing,com.github.javaparser.metamodel,LocalRecordDeclarationStmtMetaModel,0,9,0,0,0,2,0,1,0,1
javaparser-core-testing,com.github.javaparser.metamodel,ModuleOpensDirectiveMetaModel,0,9,0,0,0,2,0,1,0,1
javaparser-core-testing,com.github.javaparser.metamodel,FieldDeclarationMetaModel,0,9,0,0,0,2,0,1,0,1
javaparser-core-testing,com.github.javaparser.metamodel,BreakStmtMetaModel,0,9,0,0,0,2,0,1,0,1
javaparser-core-testing,com.github.javaparser.metamodel,RecordDeclarationMetaModel,0,9,0,0,0,2,0,1,0,1
javaparser-core-testing,com.github.javaparser.metamodel,FieldAccessExprMetaModel,0,9,0,0,0,2,0,1,0,1
javaparser-core-testing,com.github.javaparser.metamodel,NameExprMetaModel,0,9,0,0,0,2,0,1,0,1
javaparser-core-testing,com.github.javaparser.metamodel,DoStmtMetaModel,0,9,0,0,0,2,0,1,0,1
javaparser-core-testing,com.github.javaparser.metamodel,BodyDeclarationMetaModel,0,18,0,0,0,4,0,2,0,2
javaparser-core-testing,com.github.javaparser.metamodel,StringLiteralExprMetaModel,0,9,0,0,0,2,0,1,0,1
javaparser-core-testing,com.github.javaparser.metamodel,LocalClassDeclarationStmtMetaModel,0,9,0,0,0,2,0,1,0,1
javaparser-core-testing,com.github.javaparser.metamodel,BlockStmtMetaModel,0,9,0,0,0,2,0,1,0,1
javaparser-core-testing,com.github.javaparser.metamodel,SuperExprMetaModel,0,9,0,0,0,2,0,1,0,1
javaparser-core-testing,com.github.javaparser.metamodel,ObjectCreationExprMetaModel,0,9,0,0,0,2,0,1,0,1
javaparser-core-testing,com.github.javaparser.metamodel,YieldStmtMetaModel,0,9,0,0,0,2,0,1,0,1
javaparser-core-testing,com.github.javaparser.metamodel,SwitchStmtMetaModel,0,9,0,0,0,2,0,1,0,1
javaparser-core-testing,com.github.javaparser.metamodel,MemberValuePairMetaModel,0,9,0,0,0,2,0,1,0,1
javaparser-core-testing,com.github.javaparser.metamodel,PrimitiveTypeMetaModel,0,9,0,0,0,2,0,1,0,1
javaparser-core-testing,com.github.javaparser.metamodel,ArrayTypeMetaModel,0,9,0,0,0,2,0,1,0,1
javaparser-core-testing,com.github.javaparser.metamodel,EmptyStmtMetaModel,0,9,0,0,0,2,0,1,0,1
javaparser-core-testing,com.github.javaparser.metamodel,UnknownTypeMetaModel,0,9,0,0,0,2,0,1,0,1
javaparser-core-testing,com.github.javaparser.metamodel,ModuleUsesDirectiveMetaModel,0,9,0,0,0,2,0,1,0,1
javaparser-core-testing,com.github.javaparser.metamodel,NormalAnnotationExprMetaModel,0,9,0,0,0,2,0,1,0,1
javaparser-core-testing,com.github.javaparser.metamodel,ModuleProvidesDirectiveMetaModel,0,9,0,0,0,2,0,1,0,1
javaparser-core-testing,com.github.javaparser.metamodel,EnumDeclarationMetaModel,0,9,0,0,0,2,0,1,0,1
javaparser-core-testing,com.github.javaparser.metamodel,PropertyMetaModel,129,164,17,15,26,34,21,21,12,14
javaparser-core-testing,com.github.javaparser.metamodel,AnnotationMemberDeclarationMetaModel,0,9,0,0,0,2,0,1,0,1
javaparser-core-testing,com.github.javaparser.metamodel,MethodDeclarationMetaModel,0,9,0,0,0,2,0,1,0,1
javaparser-core-testing,com.github.javaparser.metamodel,SynchronizedStmtMetaModel,0,9,0,0,0,2,0,1,0,1
javaparser-core-testing,com.github.javaparser.metamodel,VarTypeMetaModel,0,9,0,0,0,2,0,1,0,1
javaparser-core-testing,com.github.javaparser.metamodel,LiteralStringValueExprMetaModel,0,18,0,0,0,4,0,2,0,2
javaparser-core-testing,com.github.javaparser.metamodel,ClassOrInterfaceTypeMetaModel,0,9,0,0,0,2,0,1,0,1
javaparser-core-testing,com.github.javaparser.metamodel,NameMetaModel,0,9,0,0,0,2,0,1,0,1
javaparser-core-testing,com.github.javaparser.metamodel,LongLiteralExprMetaModel,0,9,0,0,0,2,0,1,0,1
javaparser-core-testing,com.github.javaparser.metamodel,MarkerAnnotationExprMetaModel,0,9,0,0,0,2,0,1,0,1
javaparser-core-testing,com.github.javaparser.resolution.model,Value,44,0,0,0,9,0,5,0,5,0
javaparser-core-testing,com.github.javaparser.resolution.model,SymbolReference,75,0,6,0,19,0,12,0,9,0
javaparser-core-testing,com.github.javaparser.resolution.model,LambdaArgumentTypePlaceholder,24,0,0,0,10,0,7,0,7,0
javaparser-core-testing,com.github.javaparser.ast.nodeTypes.modifiers,NodeWithProtectedModifier,9,0,0,0,2,0,2,0,2,0
javaparser-core-testing,com.github.javaparser.ast.nodeTypes.modifiers,NodeWithAbstractModifier,5,4,0,0,1,1,1,1,1,1
javaparser-core-testing,com.github.javaparser.ast.nodeTypes.modifiers,NodeWithPrivateModifier,5,4,0,0,1,1,1,1,1,1
javaparser-core-testing,com.github.javaparser.ast.nodeTypes.modifiers,NodeWithPublicModifier,0,9,0,0,0,2,0,2,0,2
javaparser-core-testing,com.github.javaparser.ast.nodeTypes.modifiers,NodeWithFinalModifier,5,4,0,0,1,1,1,1,1,1
javaparser-core-testing,com.github.javaparser.ast.nodeTypes.modifiers,NodeWithStrictfpModifier,9,0,0,0,2,0,2,0,2,0
javaparser-core-testing,com.github.javaparser.ast.nodeTypes.modifiers,NodeWithStaticModifier,5,4,0,0,1,1,1,1,1,1
javaparser-core-testing,com.github.javaparser.resolution.logic,FunctionalInterfaceLogic,178,0,28,0,42,0,26,0,12,0
javaparser-core-testing,com.github.javaparser.resolution.logic,ConstructorResolutionLogic,511,0,108,0,112,0,63,0,9,0
javaparser-core-testing,com.github.javaparser.resolution.logic,InferenceContext,634,0,126,0,128,0,75,0,12,0
javaparser-core-testing,com.github.javaparser.resolution.logic,InferenceVariableType,292,0,40,0,57,0,35,0,15,0
javaparser-core-testing,com.github.javaparser.resolution.logic,MethodResolutionLogic,1917,0,432,0,409,0,248,0,32,0
javaparser-core-testing,com.github.javaparser.resolution.logic,ConfilictingGenericTypesException,15,0,0,0,2,0,1,0,1,0
javaparser-core-testing,com.github.javaparser.printer.concretesyntaxmodel,CsmToken,45,167,9,27,6,38,10,20,2,10
javaparser-core-testing,com.github.javaparser.printer.concretesyntaxmodel,CsmSingleReference,16,20,0,2,1,8,1,4,1,3
javaparser-core-testing,com.github.javaparser.printer.concretesyntaxmodel,CsmConditional.Condition.new CsmConditional.Condition() {...},0,19,0,4,0,3,0,4,0,2
javaparser-core-testing,com.github.javaparser.printer.concretesyntaxmodel,CsmConditional.Condition.new CsmConditional.Condition() {...},0,19,1,3,0,3,1,3,0,2
javaparser-core-testing,com.github.javaparser.printer.concretesyntaxmodel,CsmConditional.Condition.new CsmConditional.Condition() {...},0,11,0,0,0,2,0,2,0,2
javaparser-core-testing,com.github.javaparser.printer.concretesyntaxmodel,CsmConditional.Condition.new CsmConditional.Condition() {...},0,14,0,2,0,2,0,3,0,2
javaparser-core-testing,com.github.javaparser.printer.concretesyntaxmodel,CsmAttribute,97,63,7,9,8,16,6,9,1,4
javaparser-core-testing,com.github.javaparser.printer.concretesyntaxmodel,CsmList,95,122,25,17,16,30,17,14,2,8
javaparser-core-testing,com.github.javaparser.printer.concretesyntaxmodel,CsmSequence,24,28,2,2,3,8,4,4,2,4
javaparser-core-testing,com.github.javaparser.printer.concretesyntaxmodel,CsmTextBlock,41,0,0,0,9,0,4,0,4,0
javaparser-core-testing,com.github.javaparser.printer.concretesyntaxmodel,PrintingHelper,5,20,1,5,2,6,2,3,1,1
javaparser-core-testing,com.github.javaparser.printer.concretesyntaxmodel,CsmOrphanCommentsEnding,0,66,0,10,0,18,0,7,0,2
javaparser-core-testing,com.github.javaparser.printer.concretesyntaxmodel,CsmElement,6,183,0,0,1,28,1,28,1,28
javaparser-core-testing,com.github.javaparser.printer.concretesyntaxmodel,CsmConditional,8,112,2,10,2,29,2,13,0,9
javaparser-core-testing,com.github.javaparser.printer.concretesyntaxmodel,CsmChar,19,22,0,0,2,7,2,2,2,2
javaparser-core-testing,com.github.javaparser.printer.concretesyntaxmodel,CsmNone,0,4,0,0,0,2,0,2,0,2
javaparser-core-testing,com.github.javaparser.printer.concretesyntaxmodel,CsmString,19,22,0,0,2,7,2,2,2,2
javaparser-core-testing,com.github.javaparser.printer.concretesyntaxmodel,CsmMix,66,28,14,2,10,8,12,4,4,4
javaparser-core-testing,com.github.javaparser.printer.concretesyntaxmodel,CsmComment,0,33,0,0,0,8,0,4,0,4
javaparser-core-testing,com.github.javaparser.printer.concretesyntaxmodel,CsmIndent,0,12,0,0,0,5,0,4,0,4
javaparser-core-testing,com.github.javaparser.printer.concretesyntaxmodel,CsmConditional.Condition,0,44,0,0,0,5,0,1,0,1
javaparser-core-testing,com.github.javaparser.printer.concretesyntaxmodel,CsmUnindent,0,12,0,0,0,5,0,4,0,4
javaparser-core-testing,com.github.javaparser.ast.comments,BlockComment,17,35,0,0,5,14,4,9,4,9
javaparser-core-testing,com.github.javaparser.ast.comments,JavadocComment,17,39,0,0,5,15,4,10,4,10
javaparser-core-testing,com.github.javaparser.ast.comments,Comment,109,117,4,14,19,34,18,16,14,11
javaparser-core-testing,com.github.javaparser.ast.comments,CommentsCollection,113,84,14,0,16,12,15,13,8,13
javaparser-core-testing,com.github.javaparser.ast.comments,LineComment,15,37,0,0,4,15,3,10,3,10
javaparser-core-testing,com.github.javaparser.ast.body,EnumConstantDeclaration,170,150,27,7,39,39,25,13,9,12
javaparser-core-testing,com.github.javaparser.ast.body,MethodDeclaration,308,204,28,16,62,51,32,25,15,20
javaparser-core-testing,com.github.javaparser.ast.body,CompactConstructorDeclaration,420,169,50,10,87,51,46,13,16,13
javaparser-core-testing,com.github.javaparser.ast.body,CallableDeclaration,237,397,41,47,55,96,38,36,9,21
javaparser-core-testing,com.github.javaparser.ast.body,ClassOrInterfaceDeclaration,177,264,27,23,35,60,23,29,6,21
javaparser-core-testing,com.github.javaparser.ast.body,VariableDeclarator,75,200,10,18,20,55,13,23,6,16
javaparser-core-testing,com.github.javaparser.ast.body,AnnotationMemberDeclaration,136,215,24,16,34,58,22,22,7,17
javaparser-core-testing,com.github.javaparser.ast.body,FieldDeclaration,136,475,18,30,30,73,23,32,10,21
javaparser-core-testing,com.github.javaparser.ast.body,ConstructorDeclaration,202,149,15,3,42,27,19,15,11,14
javaparser-core-testing,com.github.javaparser.ast.body,AnnotationDeclaration,32,60,0,0,8,13,6,8,6,8
javaparser-core-testing,com.github.javaparser.ast.body,ReceiverParameter,142,124,22,6,33,36,20,11,6,11
javaparser-core-testing,com.github.javaparser.ast.body,VariableDeclarator.new AstObserverAdapter() {...},0,79,2,8,0,15,2,5,0,2
javaparser-core-testing,com.github.javaparser.ast.body,TypeDeclaration,162,271,14,22,31,52,22,30,14,20
javaparser-core-testing,com.github.javaparser.ast.body,InitializerDeclaration,44,91,6,4,13,28,9,12,5,11
javaparser-core-testing,com.github.javaparser.ast.body,BodyDeclaration,358,77,8,8,66,22,62,8,57,5
javaparser-core-testing,com.github.javaparser.ast.body,RecordDeclaration,267,239,47,11,60,53,37,24,9,23
javaparser-core-testing,com.github.javaparser.ast.body,CallableDeclaration.Signature,24,63,3,7,7,14,6,6,3,4
javaparser-core-testing,com.github.javaparser.ast.body,EnumDeclaration,172,150,24,4,38,35,24,13,10,13
javaparser-core-testing,com.github.javaparser.ast.body,Parameter,179,343,32,26,35,87,24,31,3,23
javaparser-core-testing,com.github.javaparser.resolution.declarations,ResolvedTypeParameterDeclaration,149,0,22,0,32,0,27,0,16,0
javaparser-core-testing,com.github.javaparser.resolution.declarations,ResolvedEnumDeclaration,45,0,0,0,4,0,7,0,7,0
javaparser-core-testing,com.github.javaparser.resolution.declarations,ResolvedClassDeclaration,2,0,0,0,1,0,1,0,1,0
javaparser-core-testing,com.github.javaparser.resolution.declarations,AssociableToAST,17,0,0,0,4,0,2,0,2,0
javaparser-core-testing,com.github.javaparser.resolution.declarations,ResolvedMethodLikeDeclaration,181,0,20,0,36,0,20,0,10,0
javaparser-core-testing,com.github.javaparser.resolution.declarations,ResolvedEnumConstantDeclaration,4,0,0,0,2,0,2,0,2,0
javaparser-core-testing,com.github.javaparser.resolution.declarations,ResolvedMethodDeclaration,30,0,8,0,7,0,5,0,1,0
javaparser-core-testing,com.github.javaparser.resolution.declarations,ResolvedTypeParametrizable,8,0,2,0,1,0,2,0,1,0
javaparser-core-testing,com.github.javaparser.resolution.declarations,ResolvedDeclaration,88,0,0,0,14,0,14,0,14,0
javaparser-core-testing,com.github.javaparser.resolution.declarations,ResolvedInterfaceDeclaration,29,0,2,0,7,0,3,0,2,0
javaparser-core-testing,com.github.javaparser.resolution.declarations,ResolvedPatternDeclaration,10,0,0,0,4,0,4,0,4,0
javaparser-core-testing,com.github.javaparser.resolution.declarations,ResolvedParameterDeclaration,26,0,2,0,6,0,5,0,4,0
javaparser-core-testing,com.github.javaparser.resolution.declarations,ResolvedTypeParameterDeclaration.new ResolvedTypeParameterDeclaration() {...},50,0,0,0,12,0,12,0,12,0
javaparser-core-testing,com.github.javaparser.resolution.declarations,ResolvedTypeParameterDeclaration.Bound,113,0,18,0,21,0,18,0,9,0
javaparser-core-testing,com.github.javaparser.resolution.declarations,ResolvedTypeDeclaration,164,0,2,0,23,0,23,0,22,0
javaparser-core-testing,com.github.javaparser.resolution.declarations,ResolvedAnnotationDeclaration,4,0,0,0,2,0,2,0,2,0
javaparser-core-testing,com.github.javaparser.resolution.declarations,ResolvedFieldDeclaration,4,0,0,0,2,0,2,0,2,0
javaparser-core-testing,com.github.javaparser.resolution.declarations,ResolvedReferenceTypeDeclaration,374,0,44,0,60,0,55,0,33,0
javaparser-core-testing,com.github.javaparser.quality,Preconditions,0,25,0,4,0,9,0,6,0,4
javaparser-core-testing,com.github.javaparser.javadoc.description,JavadocDescription,28,155,3,13,7,30,6,14,3,9
javaparser-core-testing,com.github.javaparser.javadoc.description,JavadocSnippet,26,30,4,4,5,9,6,3,2,3
javaparser-core-testing,com.github.javaparser.javadoc.description,JavadocInlineTag.Type,0,129,0,4,0,17,0,5,0,3
javaparser-core-testing,com.github.javaparser.javadoc.description,JavadocInlineTag,103,109,18,10,10,23,15,8,2,7
javaparser-core-testing,com.github.javaparser.ast,Node.Parsedness,0,24,0,0,0,2,0,1,0,1
javaparser-core-testing,com.github.javaparser.ast,ImportDeclaration,44,116,6,6,11,34,7,14,3,12
javaparser-core-testing,com.github.javaparser.ast,Node.PostOrderIterator,132,0,10,0,33,0,10,0,5,0
javaparser-core-testing,com.github.javaparser.ast,Modifier.Keyword,0,158,0,0,0,18,0,3,0,3
javaparser-core-testing,com.github.javaparser.ast,Node.DirectChildrenIterator,17,0,0,0,5,0,3,0,3,0
javaparser-core-testing,com.github.javaparser.ast,NodeList.NodeListIterator,27,145,3,5,7,29,7,9,4,8
javaparser-core-testing,com.github.javaparser.ast,Modifier,40,90,1,1,8,25,8,15,7,15
javaparser-core-testing,com.github.javaparser.ast,Node,182,1048,44,120,41,234,44,134,10,83
javaparser-core-testing,com.github.javaparser.ast,CompilationUnit.Storage,39,86,0,0,10,18,5,10,5,10
javaparser-core-testing,com.github.javaparser.ast,Node.ObserverRegistrationMode,0,34,0,0,0,4,0,1,0,1
javaparser-core-testing,com.github.javaparser.ast,AccessSpecifier,59,0,0,0,6,0,3,0,3,0
javaparser-core-testing,com.github.javaparser.ast,Node.new DataKey() {...},0,3,0,0,0,1,0,1,0,1
javaparser-core-testing,com.github.javaparser.ast,Node.new DataKey() {...},0,3,0,0,0,1,0,1,0,1
javaparser-core-testing,com.github.javaparser.ast,Node.new DataKey() {...},0,3,0,0,0,1,0,1,0,1
javaparser-core-testing,com.github.javaparser.ast,Node.new DataKey() {...},0,3,0,0,0,1,0,1,0,1
javaparser-core-testing,com.github.javaparser.ast,DataKey,16,3,4,0,2,1,4,1,2,1
javaparser-core-testing,com.github.javaparser.ast,NodeList,102,670,19,51,20,147,27,80,11,61
javaparser-core-testing,com.github.javaparser.ast,Node.TreeTraversal,0,54,0,0,0,2,0,1,0,1
javaparser-core-testing,com.github.javaparser.ast,Node.ParentsVisitor,0,22,0,0,0,6,0,3,0,3
javaparser-core-testing,com.github.javaparser.ast,ArrayCreationLevel,131,108,22,6,30,31,18,12,6,10
javaparser-core-testing,com.github.javaparser.ast,Node.PreOrderIterator,0,48,0,4,0,10,0,5,0,3
javaparser-core-testing,com.github.javaparser.ast,Node.BreadthFirstIterator,34,0,2,0,8,0,4,0,3,0
javaparser-core-testing,com.github.javaparser.ast,PackageDeclaration,97,108,18,4,23,31,15,10,4,10
javaparser-core-testing,com.github.javaparser.ast,CompilationUnit,188,884,37,85,38,165,40,94,8,65
javaparser-core-testing,com.github.javaparser.ast.stmt,ThrowStmt,46,61,6,2,14,20,10,8,6,8
javaparser-core-testing,com.github.javaparser.ast.stmt,BreakStmt,17,122,6,10,6,38,7,18,1,16
javaparser-core-testing,com.github.javaparser.ast.stmt,CatchClause,76,90,10,4,18,27,11,9,4,9
javaparser-core-testing,com.github.javaparser.ast.stmt,WhileStmt,70,90,10,4,21,27,14,9,7,9
javaparser-core-testing,com.github.javaparser.ast.stmt,ForEachStmt,97,149,15,9,27,39,18,15,7,14
javaparser-core-testing,com.github.javaparser.ast.stmt,TryStmt,212,158,37,9,50,46,31,15,9,14
javaparser-core-testing,com.github.javaparser.ast.stmt,SwitchEntry.Type,0,44,0,0,0,2,0,1,0,1
javaparser-core-testing,com.github.javaparser.ast.stmt,ContinueStmt,85,54,13,3,26,18,17,8,10,7
javaparser-core-testing,com.github.javaparser.ast.stmt,ExpressionStmt,14,93,2,6,5,29,4,14,2,12
javaparser-core-testing,com.github.javaparser.ast.stmt,LocalRecordDeclarationStmt,51,56,6,2,16,18,11,7,7,7
javaparser-core-testing,com.github.javaparser.ast.stmt,EmptyStmt,17,24,0,0,5,10,4,6,4,6
javaparser-core-testing,com.github.javaparser.ast.stmt,BlockStmt,58,92,8,8,15,27,10,13,5,10
javaparser-core-testing,com.github.javaparser.ast.stmt,ReturnStmt,68,71,13,3,20,24,13,12,6,11
javaparser-core-testing,com.github.javaparser.ast.stmt,UnparsableStmt,19,24,0,0,6,10,5,6,5,6
javaparser-core-testing,com.github.javaparser.ast.stmt,LabeledStmt,77,92,10,4,22,28,14,10,7,10
javaparser-core-testing,com.github.javaparser.ast.stmt,SwitchStmt,111,98,18,4,28,29,18,11,7,11
javaparser-core-testing,com.github.javaparser.ast.stmt,YieldStmt,49,58,6,2,15,19,10,8,6,8
javaparser-core-testing,com.github.javaparser.ast.stmt,ForStmt,202,160,37,9,48,46,30,15,8,14
javaparser-core-testing,com.github.javaparser.ast.stmt,SynchronizedStmt,70,90,10,4,21,27,14,9,7,9
javaparser-core-testing,com.github.javaparser.ast.stmt,ExplicitConstructorInvocationStmt,222,130,38,8,53,38,32,15,11,13
javaparser-core-testing,com.github.javaparser.ast.stmt,SwitchEntry,135,121,24,6,29,35,18,12,4,11
javaparser-core-testing,com.github.javaparser.ast.stmt,AssertStmt,102,88,17,5,31,27,20,10,10,9
javaparser-core-testing,com.github.javaparser.ast.stmt,Statement,508,18,0,0,86,9,85,7,85,7
javaparser-core-testing,com.github.javaparser.ast.stmt,DoStmt,70,90,10,4,21,27,14,9,7,9
javaparser-core-testing,com.github.javaparser.ast.stmt,IfStmt,97,159,20,10,29,45,19,20,7,17
javaparser-core-testing,com.github.javaparser.ast.stmt,LocalClassDeclarationStmt,51,56,6,2,16,18,11,7,7,7
javaparser-core-testing,com.github.javaparser.resolution.types,ResolvedTypeVariable,156,0,18,0,37,0,26,0,17,0
javaparser-core-testing,com.github.javaparser.resolution.types,ResolvedIntersectionType,114,0,10,0,18,0,13,0,8,0
javaparser-core-testing,com.github.javaparser.resolution.types,ResolvedArrayType,142,0,18,0,33,0,21,0,12,0
javaparser-core-testing,com.github.javaparser.resolution.types,ResolvedWildcard,305,0,64,0,67,0,53,0,21,0
javaparser-core-testing,com.github.javaparser.resolution.types,ResolvedPrimitiveType,578,0,64,0,70,0,55,0,23,0
javaparser-core-testing,com.github.javaparser.resolution.types,ResolvedType,183,0,14,0,29,0,35,0,28,0
javaparser-core-testing,com.github.javaparser.resolution.types,ResolvedLambdaConstraintType,46,0,0,0,10,0,8,0,8,0
javaparser-core-testing,com.github.javaparser.resolution.types,ResolvedWildcard.BoundType,24,0,0,0,2,0,1,0,1,0
javaparser-core-testing,com.github.javaparser.resolution.types,ResolvedReferenceType,1101,0,170,0,188,0,143,0,58,0
javaparser-core-testing,com.github.javaparser.resolution.types,ResolvedUnionType,122,0,8,0,24,0,15,0,11,0
javaparser-core-testing,com.github.javaparser.resolution.types,ResolvedVoidType,13,0,0,0,5,0,5,0,5,0
javaparser-core-testing,com.github.javaparser.ast.nodeTypes,NodeWithOptionalScope,0,3,0,0,0,1,0,1,0,1
javaparser-core-testing,com.github.javaparser.ast.nodeTypes,NodeWithStatements,50,62,2,0,11,13,6,9,5,9
javaparser-core-testing,com.github.javaparser.ast.nodeTypes,NodeWithImplements,25,23,0,0,6,5,4,3,4,3
javaparser-core-testing,com.github.javaparser.ast.nodeTypes,NodeWithRange,6,36,2,2,2,5,3,6,1,6
javaparser-core-testing,com.github.javaparser.ast.nodeTypes,NodeWithOptionalBlockStmt,0,10,0,0,0,3,0,1,0,1
javaparser-core-testing,com.github.javaparser.ast.nodeTypes,NodeWithTypeParameters,17,19,1,1,3,4,3,3,2,3
javaparser-core-testing,com.github.javaparser.ast.nodeTypes,NodeWithParameters,15,148,0,0,3,18,2,18,2,18
javaparser-core-testing,com.github.javaparser.ast.nodeTypes,NodeWithExpression,5,0,0,0,1,0,1,0,1,0
javaparser-core-testing,com.github.javaparser.ast.nodeTypes,NodeWithDeclaration,12,0,0,0,2,0,2,0,2,0
javaparser-core-testing,com.github.javaparser.ast.nodeTypes,NodeWithOptionalLabel,19,0,0,0,3,0,3,0,3,0
javaparser-core-testing,com.github.javaparser.ast.nodeTypes,NodeWithVariables.new Object() {...},0,29,0,6,0,8,0,5,0,2
javaparser-core-testing,com.github.javaparser.ast.nodeTypes,NodeWithSimpleName,6,14,0,0,1,3,1,2,1,2
javaparser-core-testing,com.github.javaparser.ast.nodeTypes,NodeWithScope,0,4,0,0,0,1,0,1,0,1
javaparser-core-testing,com.github.javaparser.ast.nodeTypes,SwitchNode,4,0,0,0,1,0,1,0,1,0
javaparser-core-testing,com.github.javaparser.ast.nodeTypes,NodeWithMembers,83,394,0,0,9,51,9,44,9,44
javaparser-core-testing,com.github.javaparser.ast.nodeTypes,NodeWithTypeArguments,11,19,0,4,2,2,2,4,2,2
javaparser-core-testing,com.github.javaparser.ast.nodeTypes,NodeWithAnnotations,17,146,0,0,4,27,2,17,2,17
javaparser-core-testing,com.github.javaparser.ast.nodeTypes,NodeWithBlockStmt,0,10,0,0,0,3,0,1,0,1
javaparser-core-testing,com.github.javaparser.ast.nodeTypes,NodeWithArguments,30,40,2,4,7,7,5,5,3,4
javaparser-core-testing,com.github.javaparser.ast.nodeTypes,NodeWithModifiers,37,120,9,11,8,19,8,11,1,7
javaparser-core-testing,com.github.javaparser.ast.nodeTypes,NodeWithBody,10,18,0,0,3,2,1,2,1,2
javaparser-core-testing,com.github.javaparser.ast.nodeTypes,NodeWithExtends,25,23,0,0,6,5,4,3,4,3
javaparser-core-testing,com.github.javaparser.ast.nodeTypes,NodeWithType,0,21,0,0,0,5,0,3,0,3
javaparser-core-testing,com.github.javaparser.ast.nodeTypes,NodeWithIdentifier,10,0,0,0,3,0,2,0,2,0
javaparser-core-testing,com.github.javaparser.ast.nodeTypes,NodeWithThrownExceptions,0,40,0,0,0,7,0,6,0,6
javaparser-core-testing,com.github.javaparser.ast.nodeTypes,NodeWithName,0,12,0,0,0,3,0,2,0,2
javaparser-core-testing,com.github.javaparser.ast.nodeTypes,NodeWithJavadoc,5,64,1,7,1,8,2,12,1,9
javaparser-core-testing,com.github.javaparser.ast.nodeTypes,NodeWithVariables,9,183,0,20,2,38,1,19,1,9
